item_name,category,note,page
アイゼン,燃えないごみ,,1
アイロン,燃えないごみ,,1
アイロン台,燃えないごみ,,1
空き缶,あきかん,"食品、飲料用に限ります。
野々市市役所エコステーション
に持ち込むこともできます。",1
空きびん（飲食料・医薬品用）,あきびん,"無色透明・茶色・その他の色に分けてください。
詳しい出し方",1
空きびんのふた（金属製）,燃えないごみ,,1
アコースティックギター,燃える粗大ごみ,,1
アコーディオンカーテン,燃えないごみ,布、紙製で金属部分がない場合は、「燃える粗大ごみ」へ,1
アスファルト,自己処理,販売店等へお問い合わせください。,1
アタッシュケース,燃えないごみ,布・プラスチック製は「一般ごみ」又は「燃える粗大ごみ」へ,1
厚紙,古紙（チラシ・雑誌・本・コピー用紙類）,,1
圧着はがき,一般ごみ,,1
圧力なべ,燃えないごみ,ゴムパッキン類は「一般ごみ」へ。,1
アノラック,一般ごみ,,1
油（食用）,一般ごみ,固めるか、古紙・布等に吸わせてください。,1
油粘土,一般ごみ,,2
雨傘・折りたたみ傘,燃えないごみ,,2
雨がっぱ,一般ごみ,,2
雨戸（金属製）,燃えないごみ,"一度に５枚程度としてください。
リフォーム等で発生した場合は施工業者に引き取ってもらってください。",2
雨戸（木製）,燃える粗大ごみ,"一度に５枚程度としてください。
リフォーム等で発生した場合は施工業者に引き取ってもらってください。",2
雨どい,燃える粗大ごみ,"長さは１ｍ以内、一度に３本程度としてください。
金属製の場合は「燃えないごみ」へ。",2
網・ネット類,一般ごみ,食品や商品の梱包に使われているプラスチック製のものは、「容器包装プラスチック」へ,2
編み機,燃えないごみ,,2
網戸,燃えないごみ,"一度に５枚程度としてください。
リフォーム等で発生した場合は施工業者に引き取ってもらってください。",2
網袋・ネット類（野菜等の包装用でプラスチック製）,容器包装プラスチック,,2
飴の包み紙（プラスチック製）,容器包装プラスチック,,2
アルバム,一般ごみ,簡単に外せる金属類は「燃えないごみ」へ。,2
アルミ缶,あきかん,軽く水洗いしてください。,2
アルミホイール（自動車用）,自己処理,,2
アルミホイル（調理用）,一般ごみ,,2
ＩＨ調理器,燃えないごみ,リフォーム等で発生した場合は、施工業者に引き取ってもらってください。,3
ＩＣレコーダー,燃えないごみ,データは削除しましょう。電池を取り外してください。,3
安全靴,燃えないごみ,,3
安全ピン,燃えないごみ,,3
アンテナ（テレビ用）,燃えないごみ,,3
生け花用吸水性スポンジ,一般ごみ,,3
石,自己処理,,3
衣装ケース,燃える粗大ごみ,金属製は「燃えないごみ」へ。,3
いす（金属製）,燃えないごみ,,3
いす（木製）,燃える粗大ごみ,フレームが金属部分のものは「燃えないごみ」へ。,3
板（木製）,燃える粗大ごみ,長さ１ｍ程度に切ってください。,3
板ガラス,燃えないごみ,取替え時は、販売店等に引き取ってもらってください。,3
板戸,燃える粗大ごみ,取替え時は、販売店等に引き取ってもらってください。,3
一輪車（運搬・遊具）,燃えないごみ,,3
一升びん,あきびん,販売店へ返却しましょう。,3
一升びんのふた,一般ごみ,封をしている金属部は「燃えないごみ」へ。,4
一斗缶（家庭用）,燃えないごみ,中身を空にしてください。,4
犬小屋（金属製）,燃えないごみ,,4
犬小屋（木製・プラスチック製）,燃える粗大ごみ,,4
犬猫のふん,一般ごみ,,4
鋳物鍋,燃えないごみ,,4
医薬品（錠剤・粉末）,一般ごみ,注射針等は薬局へ。,4
医薬品の空きびん,あきびん,栄養ドリンクのびんも「あきびん」です。,4
イヤホン,燃えないごみ,"充電式の場合は、
こちら
をご覧ください。",4
衣類乾燥機,自己処理,"家電リサイクル法対象品目は収集しません。
詳しい処分方法
※ガス式も家電リサイクル法対象となります。",4
入れ歯,一般ごみ,,4
印鑑,一般ごみ,石・金属製は「燃えないごみ」へ。,4
インクカートリッジ（プリンター用）,一般ごみ,できるだけ店頭回収を利用してください。,4
インクリボン（ワープロなど）,一般ごみ,,4
インスタント食品の容器（プラスチック製）,容器包装プラスチック,,4
インターホン,燃えないごみ,,5
インラインスケート,燃えないごみ,,5
飲料用紙パック,紙パック,"軽く水洗いし、中を切り開き、乾かしてから出してください。
内側が銀色のものは「一般ごみ」へ。
プラスチックの注ぎ口は、取り外してください。",5
ウインドエアコン,自己処理,"家電リサイクル法対象品目は収集しません。
詳しい処分方法",5
ウインドブレーカー,一般ごみ,,5
植木,燃える粗大ごみ,土を落として長さ１ｍ、太さ１０ｃｍ程度に切って束ねてください。,5
植木の枝葉,一般ごみ,"小さく切ってごみ袋に入れてください。
一度に３袋程度までとしてください。",5
植木鉢（陶磁器類）,燃えないごみ,,5
植木鉢（プラスチック製）,一般ごみ,ごみ袋に入らない大きなものは「燃える粗大ごみ」へ。,5
ウェットスーツ,一般ごみ,,5
ウエットティッシュ,一般ごみ,,5
うがい薬の容器,容器包装プラスチック,,5
浮き輪,一般ごみ,,5
ウクレレ,一般ごみ,,5
うちわ,一般ごみ,,5
腕時計,燃えないごみ,できるだけ電池は外してください。,6
乳母車,燃えないごみ,,6
裏カーボン紙,一般ごみ,特殊加工してある紙類は、残念ですがリサイクルできません。,6
運動靴,一般ごみ,,6
エアークッション,容器包装プラスチック,緩衝材として商品を梱包しているプチプチのシート。,6
エアコン,自己処理,"家電リサイクル法対象品目は収集しません。
詳しい処分方法",6
エアコンの室外機,自己処理,"家電リサイクル法対象品目は収集しません。
詳しい処分方法",6
エアゾール缶,燃えないごみ,"使い切り、風通しの良い屋外で穴を開けてから出してください。
スプレー缶コンテナへ。",6
エアロバイク,燃えないごみ,,6
栄養ドリンクの空きびん,あきびん,金属製のふた、リングは取り外して「燃えないごみ」へ。,6
液晶テレビ,自己処理,"家電リサイクル法対象品目は収集しません。
詳しい処分方法",6
液体洗剤の容器,容器包装プラスチック,軽く水洗いしてください。,6
SDカード,一般ごみ,データを削除してください。,6
枝木,燃える粗大ごみ,太さ１０㎝、長さ１ｍ程度に切って束ねてください。,6
枝切りばさみ,燃えないごみ,,6
絵の具チューブ,一般ごみ,金属製のチューブであっても「一般ごみ」で差し支えありません。,7
絵本,古紙（チラシ・雑誌・本・コピー用紙類）,歌の出る絵本の、おもちゃ部分は電池をはずして「一般ごみ」へ。,7
MD（ケースも含む）,一般ごみ,,7
MDプレーヤー,燃えないごみ,,7
ＬＥＤ灯,燃えないごみ,,7
ＬＥＤ投光器,燃えないごみ,"電池が取り外せない場合は、危険物のコンテナへ出してください。
詳しくは
こちら
をご覧ください。",7
ＬＥＤライト,燃えないごみ,"電池が取り外せない場合は、危険物のコンテナへ出してください。
詳しくは
こちら
をご覧ください。",7
ＬＥＤランタン,燃えないごみ,"電池が取り外せない場合は、危険物のコンテナへ出してください。
詳しくは
こちら
をご覧ください。",7
ＬＰガスのボンベ,自己処理,販売店等へお問い合わせください。,7
エレキギター,燃えないごみ,,7
エレクトーン,燃えないごみ,,7
園芸用支柱,燃えないごみ,竹、木、プラスチック製は、「一般ごみ」へ。,7
エンジンオイル,一般ごみ,"少量の場合に限ります。凝固剤で固めてください。
多量にある場合は自動車販売店、ガソリンスタンドにお問い合わせください",7
延長コード（電気コード）,燃えないごみ,縛って出してください。,7
鉛筆,一般ごみ,,7
鉛筆削り,燃えないごみ,,8
塩ビパイプ,燃える粗大ごみ,"長さは１ｍ以内、一度に３本程度としてください。
工事等で発生したものは施工業者、販売店へ。",8
オートバイ,自己処理,販売店等にお問い合わせください。,8
オーブントースター,燃えないごみ,,8
オーブンレンジ,燃えないごみ,,8
オイル（食用）,一般ごみ,凝固剤で固めるか、布・古紙等に吸わせてください。,8
オイル缶,燃えないごみ,中身を空にしてください。,8
オイルヒーター,自己処理,製造者、販売店等へお問い合わせください。,8
王冠,燃えないごみ,,8
応接セット,燃える粗大ごみ,金属・ガラス・石製は「燃えないごみ」へ。,8
お菓子の箱(金属製）,あきかん,,8
お菓子の袋（プラスチック製）,容器包装プラスチック,汚れが取れないものは「一般ごみ」へ。,8
おけ（金属製）,燃えないごみ,,8
おけ（プラスチック・木製）,一般ごみ,ごみ袋に入らないものは、「燃える粗大ごみ」へ。,8
押しピン、画びょう,燃えないごみ,紙につつんでください。,8
おしゃぶり,一般ごみ,,9
おたま,燃えないごみ,木製・プラスチック製は「一般ごみ」へ。,9
落ち葉、雑草,一般ごみ,土をはらい乾かし、できるだけ週の後半に出してください。,9
お手拭き,一般ごみ,,9
帯,一般ごみ,,9
お盆,一般ごみ,金属製は「燃えないごみ」へ。,9
おまる（プラスチック製）,燃える粗大ごみ,必ず洗ってから出してください。,9
おむつ（紙・布）,一般ごみ,汚物はトイレに捨ててください。,9
おもちゃ（金属製）,燃えないごみ,電池を使用している場合は取り外してください。,9
おもちゃ（プラスチック・木製）,一般ごみ,"電池を使用している場合は取り外してください。
ごみ袋に入らない大きなものは、「燃える粗大ごみ」へ。",9
折込広告,古紙（チラシ・雑誌・本・コピー用紙類）,,9
オルガン,燃えないごみ,,9
オルゴール,燃えないごみ,,9
おろし金,燃えないごみ,プラスチック製のものは「一般ごみ」へ。,9
温水器,自己処理,販売店等へお問い合わせください。,9
温度計,燃えないごみ,測定液が赤色のもの。,10
温度計（水銀を使用したもの）,燃えないごみ,"指示液が銀白色のものは水銀含有コンテナへ。
水銀を使用しているかどうか分からない場合もこちらへ。",10
温度計（電子式）,燃えないごみ,電池を外してください。,10
カーステレオ,燃えないごみ,,10
ガーゼ,一般ごみ,,10
カーテレビ,燃えないごみ,車載式のテレビは家電リサイクル法対象外です。,10
カーテン,燃える粗大ごみ,"金属部分がある場合、取り外してください。
ごみ袋に入る場合は「一般ごみ」でも差支えありません。",10
カーテンレール（金属製）,燃えないごみ,,10
カーテンレール（木製・プラスチック製）,燃える粗大ごみ,,10
カード類,一般ごみ,,10
カーナビ,燃えないごみ,,10
カーペット,燃える粗大ごみ,ひもで縛って小さくしてください。,10
カーペットローラー（本体）,燃えないごみ,本体以外は「一般ごみ」へ。,10
カーボン紙、ノーカーボン紙,一般ごみ,,10
貝殻,一般ごみ,,10
介護用電動ベッド,燃えないごみ,コードは丸めてください。,11
懐中電灯・ライト,燃えないごみ,"電池は取り外してください。
充電式の場合は、
こちら
をご覧ください。",11
買い物袋（スーパーのレジ袋）,容器包装プラスチック,マイバッグを使用しましょう！,11
カイロ（使い捨て）,一般ごみ,外装は「容器包装プラスチック」へ。,11
カイロ（金属製）,燃えないごみ,燃料を使用している場合は使い切ってください。,11
鏡,燃えないごみ,,11
鏡（鏡台用のもの）,燃えないごみ,,11
かき氷機,燃えないごみ,,11
学習机（スチール製）,燃えないごみ,,11
学習机（木製）,燃える粗大ごみ,蛍光灯が付いている場合は取り外してください。,11
学習机の椅子,燃える粗大ごみ,金属製は「燃えないごみ」へ。,11
学生服,一般ごみ,,11
額縁（金属・ガラス製）,燃えないごみ,,11
額縁（木・プラスチック製）,燃える粗大ごみ,ごみ袋に入る小さなものは「一般ごみ」へ。,11
家具類（木製）,燃える粗大ごみ,できるだけ、金属部分は外してください。,11
家具類（金属・ガラス・陶器製）,燃えないごみ,,12
掛け軸,一般ごみ,,12
傘,燃えないごみ,和傘は「燃える粗大ごみ」へ。,12
菓子・そうめんの空き箱（木製）,一般ごみ,ごみ袋に入らな場合は「燃える粗大ごみ」へ。,12
加湿器,燃えないごみ,,12
菓子の缶,あきかん,中のプラスチック製の仕切りは「容器包装プラスチック」へ。,12
菓子箱（紙製）,古紙（チラシ・雑誌・本・コピー用紙類）,,12
ガス給湯器（小型家庭用）,燃えないごみ,買換え時は、販売店等に引き取ってもらってください。,12
ガスコンロ,燃えないごみ,電池は取り外してください。,12
ガスストーブ,燃えないごみ,,12
カスタネット,一般ごみ,,12
ガスボンベ（LPG）,自己処理,販売店等へお問い合わせください。,12
ガスマット（レンジ用アルミホイル）,燃えないごみ,,12
ガス湯沸かし器（家庭用）,燃えないごみ,取り換えを業者に依頼した場合は、施工業者に引き取ってもらってください。,12
ガスレンジ,燃えないごみ,電池は取り外してください。,12
カセットコンロ,燃えないごみ,ボンベは必ず取り外してください。,13
カセットコンロ用ガスボンベ（カートリッジ式）,燃えないごみ,"使い切り、風通しの良い屋外で穴を開けてから出してください。
スプレー缶コンテナへ。",13
カセット式ガスボンベのキャップ,容器包装プラスチック,,13
カセットテープ,一般ごみ,,13
カセットテープのケース,一般ごみ,,13
カセットデッキ,燃えないごみ,,13
カセットボンベ,燃えないごみ,"使い切り、風通しの良い屋外で穴を開けてから出してください。
スプレー缶コンテナへ。",13
ガソリン,自己処理,販売店等へお問い合わせください。,13
ガソリン携行缶,燃えないごみ,中身を抜いてください。,13
カタログ・パンフレット,古紙（チラシ・雑誌・本・コピー用紙類）,,13
活性炭(冷蔵庫の消臭用）,一般ごみ,,13
カッターナイフ・替刃,燃えないごみ,"替刃だけの場合は、替刃を紙や布で包んで出してください。
刃と本体を別々にする必要はありません。",13
カッパ,一般ごみ,,13
かつら,一般ごみ,,13
家庭菜園用ビニール類,一般ごみ,,13
蚊取り線香の缶,燃えないごみ,,14
かなづち,燃えないごみ,木製の柄の部分は「一般ごみ」へ（外せる場合）。,14
加熱式タバコ,燃えないごみ,"電池が取り外せない場合は、危険物のコンテナへ出してください。
詳しくは
こちら
をご覧ください。",14
かばん,一般ごみ,"金属部分はできるだけ外してください。
ごみ袋に入らないものは、「燃える粗大ごみ」へ。",14
花瓶（ガラス・陶器製）,燃えないごみ,,14
カホン,燃える粗大ごみ,,14
鎌,燃えないごみ,刃の部分を紙や布で包んで出してください。,14
釜,燃えないごみ,,14
紙（ラミネート加工、防水加工のもの）,一般ごみ,,14
紙おむつ,一般ごみ,汚物はトイレに捨ててください。,14
紙くず,一般ごみ,ざつ紙（リサイクルできるもの）は「古紙」へ出しましょう。,14
紙コップ,一般ごみ,,14
紙皿,一般ごみ,,14
カミソリ,燃えないごみ,,14
カミソリ替刃,燃えないごみ,,14
神棚,燃える粗大ごみ,必要に応じて、寺社へご相談ください。,15
紙粘土,一般ごみ,,15
髪の毛,一般ごみ,,15
紙箱,古紙（チラシ・雑誌・本・コピー用紙類）,,15
紙パック（アルミ加工したもの）,一般ごみ,,15
紙パック（内側が銀色や茶色のもの）,一般ごみ,,15
紙パック（内側の白いもの）,紙パック,"軽く水洗いし、中を切り開き、乾かしてから出してください。
内側が銀色のものは「一般ごみ」へ。
プラスチックの注ぎ口は、取り外してください。",15
紙袋,古紙（チラシ・雑誌・本・コピー用紙類）,汚れたものや、紙以外の部分は「一般ごみ」へ。,15
ガムテープ,一般ごみ,,15
かめ（陶器製）,燃えないごみ,,15
亀の子たわし,一般ごみ,,15
カメラ,燃えないごみ,"電池は取り外して、販売店又は電池回収ボックスへ。
データは削除してください。",15
蚊帳（かや）,燃える粗大ごみ,たたんで紐でしばってください。,15
カラーボックス,燃える粗大ごみ,,15
カラオケ機器(家庭用),燃えないごみ,,15
ガラス・ガラスの破片・耐熱ガラス類,燃えないごみ,割れている場合は、袋か箱に入れてください。,16
ガラスコップ,燃えないごみ,,16
ガラス食器類,燃えないごみ,,16
ガラステーブル,燃えないごみ,,16
ガラス戸,燃えないごみ,買換え時は、販売店等に引き取ってもらってください,16
刈り払い機,燃えないごみ,エンジン式の場合は燃料を抜いてください。,16
軽石,燃えないごみ,,16
がれき類,自己処理,,16
枯れ草,一般ごみ,土をはらい乾かし、できるだけ週の後半に出してください。,16
カレンダー,古紙（チラシ・雑誌・本・コピー用紙類）,金具は「燃えないごみ」へ。,16
皮・皮革・合成皮革製品,一般ごみ,金具類はできるだけ取り外してください。,16
革靴,一般ごみ,金属部分がある場合は、できるだけ取り外してください。,16
革ジャンパー,一般ごみ,,16
瓦,自己処理,,16
換気扇,燃えないごみ,買換え時は、販売店等に引き取ってもらってください,16
缶切り,燃えないごみ,,17
緩衝材（発泡スチロール）,容器包装プラスチック,,17
乾燥機（ふとん・くつ）,燃えないごみ,衣類乾燥機は出せません。,17
乾燥剤,一般ごみ,,17
缶詰めの空き缶,あきかん,"軽く水洗いしてください。
ふたも「あきかん」です。",17
乾電池,燃えないごみ,"乾電池のコンテナへ。
充電式の電池は販売店（リサイクルマークのあるもの）又は電池回収ボックスへ。",17
乾電池（充電式）,燃えないごみ,販売店（リサイクルマークのあるもの）又は電池回収ボックスへ。,17
感熱紙,一般ごみ,,17
観葉植物,一般ごみ,土を落としてください。,17
キーボード（楽器）,燃えないごみ,,17
キーボード（パソコン用）,燃えないごみ,"充電式の場合は、
こちら
をご覧ください。",17
キーホルダー,燃えないごみ,,17
木くず,燃える粗大ごみ,,17
木くず（ごみ袋に入る小さいもの）,一般ごみ,,17
ギターケース,燃える粗大ごみ,"ごみ袋に入る場合は「一般ごみ」へ。
金具類はなるべく取り外してください。",17
キックボード,燃えないごみ,,18
木づち,一般ごみ,,18
キッチンペーパー,一般ごみ,,18
キッチンマット,一般ごみ,大きいものは、筒状に縛って「燃える粗大ごみ」へ。,18
杵（きね）,燃える粗大ごみ,,18
木の枝・木の根・生木,燃える粗大ごみ,長さ１ｍ、太さ１０ｃｍ以内に切って束ねてください。,18
着物,一般ごみ,,18
脚立（鉄・アルミ製）,燃えないごみ,,18
脚立（木製）,燃える粗大ごみ,,18
キャッシュカード,一般ごみ,口座廃止のお手続きは済んでいますか？,18
キャリーバッグ（プラスチック製）,燃える粗大ごみ,,18
キャリーバッグ（金属製）,燃えないごみ,,18
急須,燃えないごみ,,18
吸入器（据置型）,燃えないごみ,,18
牛乳パック,紙パック,軽く水洗いし、中を切り開き、乾かしてから出してください。,18
牛乳びん,あきびん,販売店へ返却しましょう。,19
牛乳びんのフタ（プラスチック製）,容器包装プラスチック,,19
吸入薬,一般ごみ,金属製のエアゾール缶（スプレー缶）を使用するタイプの場合、缶は使い切ったあと穴を開けて、「燃えないごみ」のスプレー缶コンテナへ。,19
救命胴衣（ライフジャケット）,未設定,,19
教科書,古紙（チラシ・雑誌・本・コピー用紙類）,,19
鏡台,燃える粗大ごみ,鏡部分はできるだけ取り外して、「燃えないごみ」へ。,19
きり,燃えないごみ,先端を紙や布で包んで出してください。,19
金魚鉢（ガラス製）,燃えないごみ,,19
金魚鉢（プラスチック製）,一般ごみ,,19
金属製のふた（キャップ）,燃えないごみ,散らばらないように箱や袋に入れて出してください。,19
クーピー,一般ごみ,,19
クーラー（エアコン）,自己処理,"家電リサイクル法対象品目は収集しません。
詳しい処分方法",19
クーラーボックス,燃える粗大ごみ,金具がある場合、できるだけ取り外してください。,19
空気入れ（自転車用）,燃えないごみ,うきわ等に空気を入れる、プラスチックのポンプは「一般ごみ」へ。,19
空気清浄機,燃えないごみ,,19
釘,燃えないごみ,袋か箱に入れてください。,20
草刈り鎌（家庭用）,燃えないごみ,刃の部分を紙や布で包んで出してください。,20
草刈機,燃えないごみ,"エンジン式の場合は燃料を抜いてください。
充電式の場合は、
こちら
をご覧ください。",20
草ごみ・落ち葉,一般ごみ,土をはらい乾かし、できるだけ週の後半に出してください。,20
草花,一般ごみ,土をはらい乾かし、できるだけ週の後半に出してください。,20
くさり（金属製）,燃えないごみ,,20
串,一般ごみ,金属製は紙や布に包んで「燃えないごみ」へ。,20
櫛・ヘアブラシ,一般ごみ,金属製のものは「燃えないごみ」へ。,20
薬（錠剤・カプセル等）の包装シート,容器包装プラスチック,,20
薬のびん（飲み薬以外）,燃えないごみ,,20
薬のびん（飲み薬）,あきびん,飲み薬以外（服用できない薬品のびん）は「燃えないごみ」へ。,20
薬の容器のふた（プラスチック製）,容器包装プラスチック,,20
口紅の容器,一般ごみ,金属製のものは「燃えないごみ」へ。,20
靴,一般ごみ,,20
靴下,古着・布類,破れたり、汚れているものは、「一般ごみ」へ。,20
クッション,燃える粗大ごみ,ごみ袋に入る場合は「一般ごみ」でも差し支えありません。,21
首輪,燃えないごみ,,21
グラウンドゴルフのスティック,燃える粗大ごみ,,21
グランウドゴルフの球,一般ごみ,,21
クラシックギター,燃える粗大ごみ,,21
グラス,燃えないごみ,,21
クリーニングの包装ポリ袋,一般ごみ,商品ではないものを包装した袋は、「容器包装プラスチック」の対象外となります。,21
クリアファイル,一般ごみ,,21
クリスタルガラス,燃えないごみ,,21
クリップ,燃えないごみ,,21
車椅子,燃えないごみ,,21
グレーチング,自己処理,,21
クレジットカード,一般ごみ,"有効期限をご確認ください。
有効期限内の場合、廃止のお手続きは済んでいますか？",21
クレヨン・クレパス,一般ごみ,,21
グローブ,一般ごみ,,21
グローランプ（球）,燃えないごみ,,22
鍬,燃えないごみ,,22
軍手,一般ごみ,,22
ゲートボールの球,燃えないごみ,,22
ケーブル類（家電関係）,燃えないごみ,,22
ゲーム機（携帯型）,燃えないごみ,"電池が取り外せない場合は、危険物のコンテナへ出してください。
詳しくは
こちら
をご覧ください。
データは削除しましょう。",22
ゲーム機器（本体）,燃えないごみ,"充電式の場合は、
こちら
をご覧ください。
データは削除しましょう。",22
ゲーム機のコントローラ,燃えないごみ,"充電式の場合は、
こちら
をご覧ください。",22
ゲームソフト,一般ごみ,"カードリッジ型も「一般ごみ」です。
外装フィルムは「容器包装プラスチック」、説明書などの印刷物は「古紙」へ。",22
ゲームソフトのケース,一般ごみ,"紙類は抜いてください。
外装フィルムは「容器包装プラスチック」へ。",22
蛍光灯・蛍光管,燃えないごみ,"入っていた箱に入れて専用回収箱へ。
電球型、Ｕ字型の蛍光灯も含みます。",22
蛍光ペン,一般ごみ,,22
珪藻土のバスマット,燃えないごみ,石綿（アスベスト）を含むものは、メーカー等の自主回収へ。,22
携帯型音楽プレイヤー,燃えないごみ,"電池が取り外せない場合は、危険物のコンテナへ出してください。
詳しくは
こちら
をご覧ください。",22
携帯電話,自己処理,販売店で引き取ってもらってください。,22
携帯電話の電池,自己処理,販売店の回収ボックスへ。,23
毛糸,一般ごみ,,23
軽油,自己処理,販売店等へお問い合わせください。,23
計量秤,燃えないごみ,,23
劇薬,自己処理,購入店や取扱い店にご相談ください。,23
消しゴム,一般ごみ,,23
化粧品のびん,燃えないごみ,中身を空にしてください。,23
化粧品容器（プラスチック製）,容器包装プラスチック,,23
下駄,一般ごみ,,23
下駄箱,燃える粗大ごみ,金具がある場合は、できるだけ取り外してください。,23
ケチャップの容器（プラスチック製）,容器包装プラスチック,,23
血圧計（水銀式）,燃えないごみ,"指示液が銀白色のものは水銀含有コンテナへ。
水銀を使用しているかどうか分からない場合もこちらへ。",23
血圧計（電子式）,燃えないごみ,電池は取り外してください。,23
玄関泥落しマット（金属製）,燃えないごみ,,23
玄関マット,一般ごみ,ごみ袋に入らない場合は、「燃える粗大ごみ」へ。,23
剣山,燃えないごみ,紙に包むか袋に入れてください。,24
原動機付自転車（50ccバイク）,自己処理,販売店等にお問い合わせください。,24
剣道のはかま・さしこ,一般ごみ,,24
剣道の防具,燃える粗大ごみ,面などの金属部分があるものは「燃えないごみ」へ。,24
鍵盤ハーモニカ,燃えないごみ,ケースやホースなどのプラスチック部分は「一般ごみ」へ。,24
顕微鏡,燃えないごみ,,24
ゴーグル,一般ごみ,,24
コードリール（ドラムリール）,燃えないごみ,,24
コードレス掃除機,燃えないごみ,"できるだけ電池を取り外してください。電池を取り外せない場合は、危険物のコンテナへ出してください。詳しくは
こちら
をご覧ください。",24
コードレス電話機,燃えないごみ,"できるだけ電池を取り外してください。電池を取り外せない場合は、危険物のコンテナへ出してください。詳しくは
こちら
をご覧ください。",24
コーヒーメーカー,燃えないごみ,,24
コーヒー用ミルクの容器,容器包装プラスチック,中を洗ってください。,24
碁石,燃えないごみ,プラスチック製のものは「一般ごみ」へ。,24
こいのぼり,一般ごみ,金属のポール類は燃えないごみへ。,24
コイン型リチウム電池,燃えないごみ,電池回収ボックスへ。,24
高圧洗浄機,燃えないごみ,"充電式の場合は、
こちら
をご覧ください。",25
耕運機（農業機械）,自己処理,販売店にご相談ください。,25
工具,燃えないごみ,プラスチック、木製の工具は「一般ごみ」へ。,25
広告紙,古紙（チラシ・雑誌・本・コピー用紙類）,,25
香水,燃えないごみ,"中身を空にしてください。
キャップがプラスチック製の場合は、キャップは「一般ごみ」へ。
ボトルもプラスチック製の場合は、ボトルも「一般ごみ」へ。",25
氷枕,一般ごみ,金具がある場合は、金具を「燃えないごみ」へ。,25
小型充電式電池,燃えないごみ,"販売店（リサイクルマークのあるもの）又は電池回収ボックスへ。
ＵＰＳ等の大型の鉛バッテリーは出せません。",25
こけし,一般ごみ,,25
ござ,燃える粗大ごみ,折りたたみ、ひもで縛って出してください。,25
こたつ,燃える粗大ごみ,電熱器部分、ケーブルは「燃えないごみ」へ。,25
こたつ板,燃える粗大ごみ,,25
こたつ布団,燃える粗大ごみ,折りたたみ、ひもで縛って出してください。,25
コップ・グラス（ガラス製・陶磁器製）,燃えないごみ,,25
コップ・グラス（プラスチック製）,一般ごみ,,25
琴,燃える粗大ごみ,,25
粉石けん,一般ごみ,,26
粉ミルクの缶,あきかん,軽く水洗いしてください。,26
碁盤,燃える粗大ごみ,,26
コピー用紙,古紙（チラシ・雑誌・本・コピー用紙類）,,26
ごみ箱（プラスチック製）,燃える粗大ごみ,ごみ袋に入る場合は「一般ごみ」へ。,26
ごみ箱（金属製）,燃えないごみ,,26
ゴム製品（長靴、手袋、玩具等）,一般ごみ,,26
ゴム手袋,一般ごみ,,26
ゴムホース,一般ごみ,,26
ゴムボート,燃える粗大ごみ,空気を抜いて縛ってください。,26
米びつ（金属製）,燃えないごみ,,26
米びつ（プラスチック・木製）,燃える粗大ごみ,,26
米袋（紙製）,一般ごみ,,26
米袋（ビニール製）,容器包装プラスチック,,26
コルク栓,一般ごみ,,26
ゴルフクラブ,燃えないごみ,,27
ゴルフシューズ,一般ごみ,金属部分がある場合、取り外してください。,27
ゴルフバッグ,燃える粗大ごみ,金属部分はできるだけ取り外してください。,27
ゴルフボール,一般ごみ,,27
コンクリートがら,自己処理,,27
コンクリートブロック,自己処理,,27
コンタクトレンズ,一般ごみ,"使い捨てレンズの容器は「容器包装プラスチック」へ。
保存ケースは「一般ごみ」へ。",27
コンパクト,一般ごみ,金属製は「燃えないごみ」へ。,27
コンパス,燃えないごみ,,27
コンポ,燃えないごみ,,27
サーフボード,燃える粗大ごみ,,27
座椅子（中に金属が入っているもの）,燃えないごみ,,27
座椅子（木製・プラスチック製）,燃える粗大ごみ,,27
サイドボード,燃える粗大ごみ,ガラス戸や金属部分はなるべく外してください。,27
財布,一般ごみ,金属部分はできるだけ取り外してください。,27
サイリウムライト,一般ごみ,,28
サインペン,一般ごみ,,28
酒パック（内側が白いもの）,紙パック,"軽く水洗いし、中を切り開き、乾かしてから出してください。
内側が銀色のものは「燃えるごみ」へ。
プラスチックの注ぎ口は、取り外してください。",28
酒パック（内側が銀色のもの）,一般ごみ,フィルム加工・アルミ処理したもの。,28
酒パックのキャップ,容器包装プラスチック,,28
座卓,燃える粗大ごみ,金属製・金属部等は「燃えないごみ」へ。,28
サッカーボール,一般ごみ,空気を抜いてください。,28
サックス,燃えないごみ,,28
雑誌,古紙（チラシ・雑誌・本・コピー用紙類）,紙ひもで縛って出しましょう。,28
雑草,一般ごみ,土をはらい乾かし、できるだけ週の後半に出してください。,28
殺虫剤の缶,燃えないごみ,"使い切り、風通しの良い屋外で穴を開けてから出してください。
スプレー缶コンテナへ。",28
座布団,燃える粗大ごみ,,28
皿（紙・プラスチック製）,一般ごみ,,28
皿（金属・陶磁器・ガラス製）,燃えないごみ,,28
サラダ油,一般ごみ,凝固剤で固めるか、布・古紙等に吸わせてください。,28
ざる（木・プラスチック製）,一般ごみ,,29
ざる（金属製）,燃えないごみ,,29
三角コーナー,一般ごみ,金属製の場合は「燃えないごみ」へ。,29
三脚（ビデオ・カメラ用）,燃えないごみ,,29
サングラス（金属・ガラスを使用しているもの）,燃えないごみ,レンズ・フレーム共にプラスチックのものは「一般ごみ」へ。,29
サングラス（プラスチック製）,一般ごみ,,29
酸素スプレー缶,燃えないごみ,"使い切り、風通しの良い屋外で穴を開けてから出してください。
スプレー缶コンテナへ。",29
酸素ボンベ,自己処理,販売店等へお問い合わせください。,29
サンダル,一般ごみ,,29
残飯、生ごみ,一般ごみ,水切りをしましょう。,29
三輪車,燃えないごみ,,29
シーツ,古着・布類,洗濯してから出してください。,29
ＣＤディスク（ケースを含む）,一般ごみ,,29
ＣＤプレイヤー,燃えないごみ,,29
ＣＤラジカセ,燃えないごみ,,29
ジーパン,古着・布類,,30
シーリングライト,燃えないごみ,,30
シェーバー（ひげ剃り）,燃えないごみ,"できるだけ電池を取り外してください。電池を取り外せない場合は、危険物のコンテナへ出してください。詳しくは
こちら
をご覧ください。",30
ジェルマット,燃える粗大ごみ,折りたたみ、ひもで縛って出してください。,30
敷き布団,燃える粗大ごみ,,30
ジグソーパズル,一般ごみ,,30
磁石,燃えないごみ,,30
辞書、辞典,古紙（チラシ・雑誌・本・コピー用紙類）,,30
下敷き,一般ごみ,,30
七輪,燃えないごみ,燃料・灰を抜いて、火の気がない事を確認してください。,30
漆器,一般ごみ,,30
シップ薬,一般ごみ,,30
ジッポライター,燃えないごみ,綿、芯は抜いて「一般ごみ」へ。他の「燃えないごみ」と分けなくてもＯＫです。,30
自転車,燃えないごみ,紙に「ハイキ」と書いて貼ってください。,30
自転車の車輪,燃えないごみ,タイヤ、チューブは取り外してください。,30
自転車のタイヤ,燃える粗大ごみ,いくつかに切って、「一般ごみ」でも差し支えありません。,31
自動火災報知機（家庭用）,燃えないごみ,電池は取り外して販売店又は電池回収ボックスへ,31
自動車部品,自己処理,販売店等へお問い合わせください。,31
竹刀,燃える粗大ごみ,,31
ジャージ,古着・布類,,31
シャープペンシル（金属製）,燃えないごみ,,31
シャープペンシル（プラスチック製）,一般ごみ,,31
蛇口（水道）,燃えないごみ,,31
尺八,一般ごみ,,31
写真・ネガフィルム,一般ごみ,,31
ジャッキ（車用）,燃えないごみ,,31
シャベル（金属製）,燃えないごみ,,31
シャベル（プラスチック製）,一般ごみ,,31
三味線,燃える粗大ごみ,,31
ジャムのびん,あきびん,中を洗ってください。,31
ジャムのびんのフタ（金属製）,燃えないごみ,,32
しゃもじ,一般ごみ,,32
ジャングルジム,燃えないごみ,プラスチック、木材部分と分けれる場合は、各々分別してください。,32
シャンプーの空き容器,容器包装プラスチック,軽く水洗いしてください。,32
ジューサーミキサー,燃えないごみ,,32
週刊誌,古紙（チラシ・雑誌・本・コピー用紙類）,,32
習字セット,一般ごみ,文鎮と硯（すずり）は「燃えないごみ」へ。,32
じゅうたん,燃える粗大ごみ,ひもで縛って小さくしてください。,32
充電器・ＡＣアダプター,燃えないごみ,,32
充電式カイロ,燃えないごみ,"電池が取り外せない場合は、危険物のコンテナへ出してください。
詳しくは
こちら
をご覧ください。",32
柔道着,一般ごみ,,32
数珠,一般ごみ,,32
ジュニアシート,燃える粗大ごみ,,32
朱肉,一般ごみ,,32
シュレッダーダスト,一般ごみ,,32
潤滑油,一般ごみ,"凝固剤で固めるか、布・古紙等に吸わせてください。
多量にある場合は販売店にお問い合わせください",33
瞬間湯沸器,燃えないごみ,取り換えを業者に依頼した場合は、施工業者に引き取ってもらってください。,33
ジョイントマット,一般ごみ,,33
消火器,自己処理,"「廃消火器リサイクルシステム」
を利用して適正に処理してください。",33
消火栓ホース,自己処理,,33
定規・ものさし,一般ごみ,金属製は「燃えないごみ」へ。,33
将棋の駒,一般ごみ,,33
将棋盤,一般ごみ,厚手のもので、ごみ袋に入らない場合は「燃える粗大ごみ」へ。,33
障子,燃える粗大ごみ,一度に５枚程度としてください。,33
消臭スプレー缶,燃えないごみ,"使い切り、風通しの良い屋外で穴を開けてから出してください。
スプレー缶コンテナへ。",33
浄水器,燃えないごみ,,33
商品の外装フィルム,容器包装プラスチック,,33
照明器具,燃えないごみ,蛍光灯、蛍光管は取り外してください。,33
醤油の容器（プラスチック製）,ペットボトル,"中を軽く洗ってください。フタやラベルは「容器包装プラスチック」へ。
一升瓶の場合は販売店に返却しましょう。",33
じょうろ（金属製）,燃えないごみ,,33
じょうろ（プラスチック製）,燃える粗大ごみ,,34
食洗器,燃えないごみ,買い替えや工事に伴う場合は、販売店、施工業者に引き取ってもらってください。,34
食品トレイ,容器包装プラスチック,なるべくスーパー等の回収箱をご利用ください。,34
食用油,一般ごみ,凝固剤で固めるか、布・古紙等に吸わせてください。,34
食用油の缶,あきかん,中を軽く洗ってください。,34
食用油のびん,あきびん,中を軽く洗ってください。,34
食用油のペットボトル・プラスチックボトル,容器包装プラスチック,中を軽く洗ってください。,34
除湿機,燃えないごみ,,34
除湿剤,一般ごみ,,34
食器洗い機・食器乾燥機,燃えないごみ,,34
食器棚,燃える粗大ごみ,ガラス・金属部分は「燃えないごみ」へ。,34
シリカゲル（乾燥剤）,一般ごみ,,34
人工芝,未設定,"土を落として、洗って乾燥させた後、ひもで縛ってください。
４５Ｌごみ袋に入れば「一般ごみ」でも差し支えありません。",34
シンナー,自己処理,販売店等へお問い合わせください。,34
シンバル,燃えないごみ,,34
新聞紙,古紙（新聞紙）,紙ひもで縛って排出しましょう。,35
スーツ,古着・布類,裏地のあるものは、「一般ごみ」へ。,35
スーツケース（プラスチック製）,燃える粗大ごみ,,35
スーツケース（金属製）,燃えないごみ,,35
水銀体温計、温度計、血圧計,未設定,"指示液が銀白色のものは水銀含有コンテナへ。
水銀を使用しているかどうか分からない場合もこちらへ。",35
水槽（ガラス製）,燃えないごみ,,35
水槽（プラスチック製）,燃える粗大ごみ,小さいものは「一般ごみ」へ。,35
水筒（金属製・魔法瓶）,燃えないごみ,,35
水筒（プラスチック製）,一般ごみ,,35
炊飯器（炊飯ジャー）,燃えないごみ,,35
スカート,古着・布類,,35
スカーフ,古着・布類,,35
姿見,燃えないごみ,,35
スキー板・ストック,燃えないごみ,,35
スキーウェア・スノーボードウェア,一般ごみ,,35
スキーキャリア,燃えないごみ,,36
スキー靴,一般ごみ,,36
スキー手袋,一般ごみ,,36
スキャナー,燃えないごみ,,36
スクーター,自己処理,販売店等にお問い合わせください。,36
スケート靴,燃えないごみ,,36
スケートボード,燃えないごみ,,36
スケール（金属製）,燃えないごみ,,36
スコップ（金属製）,燃えないごみ,,36
スコップ（プラスチック）,燃える粗大ごみ,小さなものは「一般ごみ」へ。,36
硯（すずり）,燃えないごみ,,36
すだれ,燃える粗大ごみ,筒状にして、ひもで縛って出してください。,36
スタンプ台（プラスチック製）,一般ごみ,,36
スタンプ台（金属製）,燃えないごみ,,36
スチール缶（飲料・食品用）,あきかん,中を洗ってください。,36
ズック,一般ごみ,,37
スティック型掃除機,燃えないごみ,"できるだけ電池を取り外してください。電池を取り外せない場合は、危険物のコンテナへ出してください。詳しくは
こちら
をご覧ください。",37
スティックのり,一般ごみ,,37
ステレオ,燃えないごみ,,37
ステンレスマグボトル,燃えないごみ,,37
ストーブ,燃えないごみ,燃料を使い切って、給油タンクを空にしてください。電池は取り外してください。,37
ストッキング,一般ごみ,,37
ストック（スキー・登山用）,燃えないごみ,,37
ストップウォッチ,燃えないごみ,電池は取り外してください。,37
ストロー,一般ごみ,,37
スノーダンプ,燃えないごみ,,37
スノーブラシ（アルミ製）,燃えないごみ,,37
スノーブラシ（プラスチック製）,一般ごみ,ごみ袋に入らないサイズの場合は、「燃える粗大ごみ」へ。,37
スノーボード,燃えないごみ,,37
スノーボードの靴,一般ごみ,,37
すのこ,燃える粗大ごみ,,38
スパイクシューズ,一般ごみ,金属のスパイク部分は取り外して「燃えないごみ」へ。,38
スパナ（工具）,燃えないごみ,,38
スピーカー,燃えないごみ,,38
スプーン（金属製）,燃えないごみ,プラスチック製・木製は「一般ごみ」へ。,38
スプリング入りマットレス,燃える粗大ごみ,,38
スプレー缶,燃えないごみ,"使い切り、風通しの良い屋外で穴を開けてから出してください。
スプレー缶コンテナへ。",38
スプレー缶のキャップ（プラスチック製）,容器包装プラスチック,,38
すべり台幼児用（木製・プラスチック製）,燃える粗大ごみ,金属製のもの、金属部分は「燃えないごみ」へ。,38
ズボンプレッサー,燃えないごみ,,38
スマートウォッチ,燃えないごみ,"電池が取り外せない場合は、危険物のコンテナへ出してください。
詳しくは
こちら
をご覧ください。",38
スマートフォン,自己処理,販売店で引き取ってもらってください。,38
炭,一般ごみ,水にぬらして、火の気がない事を確認してから出してください。,38
墨（書道用）,一般ごみ,,38
スリッパ,一般ごみ,,38
すり鉢,燃えないごみ,,39
スロットマシン,燃えないごみ,メダル類は抜いてください。,39
セーター,古着・布類,,39
生理用品,一般ごみ,,39
石油ストーブ,燃えないごみ,燃料を使い切って、給油タンクを空にしてください。電池は取り外してください。,39
石油ファンヒーター,燃えないごみ,燃料を使い切って、給油タンクを空にしてください。,39
石油ポンプ（電動）,燃えないごみ,電池は取り外してください。,39
石油ポンプ（手動）,一般ごみ,,39
せっけん,一般ごみ,,39
石膏ボード,自己処理,,39
雪駄,一般ごみ,,39
瀬戸物（茶碗等）,燃えないごみ,,39
セメント,自己処理,販売店等へお問い合わせください。,39
セロテープの台（おもりつき）,燃えないごみ,おもりの入っていない、プラスチックでできているものは「一般ごみ」へ。,39
セロハン紙,一般ごみ,,39
セロハンテープ,一般ごみ,,40
セロハンテープの芯,一般ごみ,,40
線香,一般ごみ,,40
センサーライト,燃えないごみ,"電池が取り外せない場合は、危険物のコンテナへ出してください。
詳しくは
こちら
をご覧ください。",40
洗剤（粉末）,一般ごみ,,40
洗剤容器（プラスチック製）,容器包装プラスチック,軽く水洗いしてください。,40
扇子,一般ごみ,,40
洗濯機,自己処理,"家電リサイクル法対象品目は収集しません。
詳しい処分方法",40
洗濯ばさみ,一般ごみ,金属部分、金属製のものは「燃えないごみ」へ。,40
洗濯物干し台,燃えないごみ,,40
洗濯物干し台のポール,燃えないごみ,竹・樹脂製は「燃える粗大ごみ」へ。,40
剪定枝,燃える粗大ごみ,長さ１ｍ、太さ１０㎝程度に切って束ねてください。,40
剪定ばさみ,燃えないごみ,,40
栓抜き,燃えないごみ,,40
扇風機、サーキュレーター,燃えないごみ,,40
洗面器（プラスチック製）,一般ごみ,"ごみ袋に入らない大きなものは「燃える粗大ごみ」へ。
金属製のものは「燃えないごみ」へ。",41
ソースのプラスチック容器,容器包装プラスチック,中を軽く洗ってください。,41
ソーラー式外灯,燃えないごみ,"電池が取り外せない場合は、危険物のコンテナへ出してください。
詳しくは
こちら
をご覧ください。",41
ソーラーシステム,自己処理,施工業者・販売店にご相談ください。,41
造花,一般ごみ,針金入りのものは「燃えないごみ」へ。,41
双眼鏡（本体が金属のもの）,燃えないごみ,プラスチック製のものは「一般ごみ」へ。,41
雑巾,一般ごみ,乾かしてから出しててください。,41
掃除機,燃えないごみ,"充電式の場合は、
こちら
をご覧ください。",41
掃除ロボット,燃えないごみ,"できるだけ電池を取り外してください。電池を取り外せない場合は、危険物のコンテナへ出してください。詳しくは
こちら
をご覧ください。",41
素麺の木箱,一般ごみ,ごみ袋に入らない大きなものは「燃える粗大ごみ」へ。,41
ぞうり、サンダル,一般ごみ,,41
ソケット（電球）,燃えないごみ,,41
ソファー,燃える粗大ごみ,,41
ソファーベッド,燃える粗大ごみ,,41
ソフトテニスのボール,一般ごみ,,41
ソフトボールの球,一般ごみ,,42
そり（子供用）,燃える粗大ごみ,,42
そろばん,一般ごみ,,42
タープ,燃える粗大ごみ,金属製のポール類は「燃えないごみ」へ。,42
体温計（水銀を使用したもの）,燃えないごみ,"指示液が銀白色のものは水銀含有コンテナへ。
水銀を使用しているかどうか分からない場合もこちらへ。",42
体温計（電子式）,燃えないごみ,,42
耐火金庫,自己処理,販売店等へお問い合わせください。,42
太鼓のばち,一般ごみ,,42
台車,燃えないごみ,,42
体重計,燃えないごみ,電池を使用している場合は取り外してください。,42
大正琴,燃えないごみ,,42
体操服,古着・布類,,42
タイツ,一般ごみ,,42
台所ごみ,一般ごみ,水をよく切りましょう！,42
ダイニングセット,燃える粗大ごみ,金属・ガラス・陶磁器部は「燃えないごみ」へ。,42
耐熱ガラス製品,燃えないごみ,,43
タイプライター,燃えないごみ,,43
タイヤ（自転車・一輪車用）,燃える粗大ごみ,"小さく切って「一般ごみ」でもＯＫです。
ホイル・車輪は燃えないごみへ。",43
タイヤ（自動車・バイク・重機用）,自己処理,,43
タイヤチェーン（自家用車用）,燃えないごみ,,43
タイヤのチューブ（自転車用）,一般ごみ,,43
ダイヤブロック,一般ごみ,,43
太陽熱温水器,自己処理,施工業者又はメーカーにご相談ください。,43
タイル,燃えないごみ,"少量に限ります。
大量にある場合は販売店等へお問い合わせください。",43
ダイレクトメール（チラシ類）,古紙（チラシ・雑誌・本・コピー用紙類）,シール式のハガキやビニール部は「一般ごみ」へ。,43
田植え機,自己処理,販売店等にお問い合わせください,43
ダウンジャケット,古着・布類,,43
タオル,古着・布類,,43
タオルケット,古着・布類,洗濯してから資源ごみへ。,43
竹串,一般ごみ,半分に折ってください。,43
竹竿,燃える粗大ごみ,,44
竹ぼうき,燃える粗大ごみ,,44
畳,燃える粗大ごみ,一度に6枚程度まで。買い替え、リフォーム時は販売店、施工業者へ。,44
畳ベッド,燃える粗大ごみ,,44
卓球の球,一般ごみ,,44
卓球のラケット,一般ごみ,,44
脱酸素剤,一般ごみ,,44
脱臭剤,一般ごみ,,44
タッパー,一般ごみ,,44
建具（障子、ふすま、戸）,燃える粗大ごみ,一度に５枚程度まで。買い替え、リフォーム時は販売店、施工業者へ。,44
たばこの外装フィルム,容器包装プラスチック,,44
たばこの吸い殻,一般ごみ,水につけて消火を確認してから出してください。,44
たばこの外箱,古紙（チラシ・雑誌・本・コピー用紙類）,,44
タブレット端末,自己処理,PCリサイクル又は販売店へ。,44
卵の殻,一般ごみ,,44
卵パック（紙製）,一般ごみ,,45
卵パック（プラスチック製）,容器包装プラスチック,,45
樽（木・プラスチック製）,燃える粗大ごみ,,45
垂木（たるき）,燃える粗大ごみ,長さ１ｍ、太さ１０ｃｍ程度に切って束ねてください。,45
だるま,一般ごみ,袋に入らない大きなものは、「燃える粗大ごみ」へ。,45
たわし,一般ごみ,,45
たわし（金属製）,燃えないごみ,,45
単行本,古紙（チラシ・雑誌・本・コピー用紙類）,,45
タンス,燃える粗大ごみ,金属の部分はできるだけ外して「燃えないごみ」へ。,45
タンバリン,燃えないごみ,,45
ダンベル,燃えないごみ,,45
段ボール,古紙（段ボール）,ガムテープ、ラベル、金具は取り外してください。,45
チェンソー,燃えないごみ,エンジン式の場合は燃料を抜いてください。,45
地球儀,燃えないごみ,,45
チャイルドシート,燃えないごみ,,45
着火剤,一般ごみ,火の気がない事を確認してから排出してください。,46
チャッカマン,燃えないごみ,使い切り、他のごみとわけてください。,46
茶碗（陶磁器製）,燃えないごみ,,46
茶碗（木・プラスチック製）,一般ごみ,,46
チューブ容器（プラスチック製）,容器包装プラスチック,汚れが取れない場合は「一般ごみ」へ。,46
注射器・注射針（在宅医療用）,自己処理,回収薬局等へ。,46
調味料のびん,あきびん,軽く水洗いしてください。,46
調理油,一般ごみ,固めるか、古紙・布等に吸わせてください。,46
チラシ（広告紙）,古紙（チラシ・雑誌・本・コピー用紙類）,新聞に混ぜず、雑誌等と一緒に束ねてください。,46
ちりとり（金属製）,燃えないごみ,,46
ちりとり（プラスチック・竹製）,燃える粗大ごみ,ごみ袋に入る場合は「一般ごみ」へ。,46
衝立（ついたて）,燃える粗大ごみ,金属製は「燃えないごみ」へ。,46
使い捨てカイロ,一般ごみ,外装は「容器包装プラスチック」へ。,46
使い捨てコンタクトレンズの容器,容器包装プラスチック,,46
使い捨てライター,燃えないごみ,できるだけ使い切って、専用コンテナに入れてください。,46
机（スチール製）,燃えないごみ,,47
机（木製）,燃える粗大ごみ,,47
漬物石（市販のもの）,燃えないごみ,自然石は収集しません。,47
土,自己処理,販売店等へお問い合わせください。,47
壷（つぼ）,燃えないごみ,,47
積み木,一般ごみ,枠やケースなど、ごみ袋に入らない大きなものは、「燃える粗大ごみ」へ。,47
爪切り,燃えないごみ,,47
釣り糸,一般ごみ,,47
釣り竿（グラスロッド・カーボンロッド）,燃える粗大ごみ,,47
釣り竿（竹製）,燃える粗大ごみ,,47
釣り竿リール,燃えないごみ,電動の場合、鉛バッテリーは販売店へ,47
釣り針,燃えないごみ,紙に包むか、袋に入れてください。,47
テープのり,一般ごみ,,47
テーブル（金属製）,燃えないごみ,,47
テーブル（プラスチック・木製）,燃える粗大ごみ,,47
テーブルクロス,一般ごみ,ごみ袋に入らない大きなものは縛って「燃える粗大ごみ」へ。,48
テープレコーダー,燃えないごみ,電池は取り外してください。,48
Tシャツ,古着・布類,,48
ＤＶＤディスク・ケース,一般ごみ,"外装フィルムは「容器包装プラスチック」へ。
表紙、説明書類は「古紙」へ。",48
DVDプレーヤー・レコーダー,燃えないごみ,データは削除しましょう。,48
ディスペンサー（石鹸・アルコール）,燃えないごみ,"充電式の場合は、
こちら
をご覧ください。",48
ディスポーザー,燃えないごみ,,48
ティッシュペーパー,一般ごみ,,48
ティッシュペーパの紙箱,古紙（チラシ・雑誌・本・コピー用紙類）,取り口のフィルム部は取り外して「容器包装プラスチック」へ。,48
ティッシュボックスの外装フィルム・取出口のフィルム,容器包装プラスチック,,48
手鏡,燃えないごみ,,48
手紙,古紙（チラシ・雑誌・本・コピー用紙類）,,48
手提げ金庫,燃えないごみ,,48
デジタルカメラ,燃えないごみ,"電池は取り外して、販売店又は電池回収ボックスへ。
データは削除してください。",48
デスクマット,燃える粗大ごみ,ごみ袋に入るサイズのものは「一般ごみ」へ。,48
手帳,古紙（チラシ・雑誌・本・コピー用紙類）,表紙等にビニール部がある場合は取り外してください。,49
鉄アレイ,燃えないごみ,,49
鉄扇,燃えないごみ,,49
鉄パイプ,燃えないごみ,,49
鉄板（バーベキュー用）,燃えないごみ,,49
テニスボール,一般ごみ,,49
テニスラケット,燃える粗大ごみ,金属製のものは「燃えないごみ」へ。,49
手袋,一般ごみ,,49
テレビ,自己処理,"家電リサイクル法対象品目は収集しません。
詳しい処分方法",49
テレビアンテナ,燃えないごみ,,49
テレビ台,燃える粗大ごみ,ガラス戸、金属部は外して「燃えないごみ」へ,49
テレホンカード,一般ごみ,,49
電気温水器,自己処理,販売店等へ問い合わせてください。,49
電気カーペット,燃える粗大ごみ,"電気コードは切って燃えないごみへ。
丸めて縛ってください。",49
電気ケトル,燃えないごみ,,49
電気コード（延長コード・テーブルタップ）,燃えないごみ,縛って出してください。,50
電気こたつ,燃える粗大ごみ,電熱器部分、コード類は「燃えないごみ」へ。,50
電気炊飯器,燃えないごみ,,50
電気スタンド,燃えないごみ,蛍光灯は取り外してください。,50
電気ストーブ,燃えないごみ,,50
電気ひげそり,燃えないごみ,"できるだけ電池を取り外してください。電池を取り外せない場合は、危険物のコンテナへ出してください。詳しくは
こちら
をご覧ください。",50
電気ポット,燃えないごみ,,50
電気毛布,燃える粗大ごみ,"電気コードは切って燃えないごみへ。
丸めて縛ってください。
充電式電池を使用する製品の場合、必ず電池を取り外してください。",50
電球,燃えないごみ,,50
電子オルガン,燃えないごみ,,50
電子辞書、電子書籍端末,燃えないごみ,"電池が取り外せない場合は、危険物のコンテナへ出してください。
詳しくは
こちら
をご覧ください。",50
電子体温計のケース,一般ごみ,,50
電子体温計、温度計、血圧計,燃えないごみ,電池を取り外してください。,50
電子タバコ,燃えないごみ,"電池が取り外せない場合は、危険物のコンテナへ出してください。詳しくは
こちら
をご覧ください。",50
電子ピアノ,燃えないごみ,,50
電子レンジ,燃えないごみ,,51
天体望遠鏡,燃えないごみ,,51
電卓,燃えないごみ,電池はできるだけ取り外してください。,51
テント,燃える粗大ごみ,ポールなどの金属部分は「燃えないごみ」へ。,51
電動アシスト付き自転車,燃えないごみ,電池は取り外して、販売店へ,51
電動肩たたき器,燃えないごみ,"充電式の場合は、
こちら
をご覧ください。",51
点灯管,燃えないごみ,,51
電動工具類,燃えないごみ,電池は取り外して、販売店又は電池回収ボックスへ。,51
電動スケートボード,燃えないごみ,"できるだけ電池を取り外してください。電池を取り外せない場合は、危険物のコンテナへ出してください。詳しくは
こちら
をご覧ください。",51
電動チェーンソー,燃えないごみ,電池は取り外して、販売店又は電池回収ボックスへ。,51
電動歯ブラシ,燃えないごみ,"電池は取り外してください。
電池が取り外せない場合は、危険物のコンテナへ出してください。
詳しくは
こちら
をご覧ください。",51
テントの支柱,燃えないごみ,,51
電熱グローブ,一般ごみ,モバイルバッテリー、電池は必ず取り外してください。外した電池は、販売店又は電池回収ボックスへ。,51
電熱スリッパ,一般ごみ,モバイルバッテリー、電池は必ず取り外してください。外した電池は、販売店又は電池回収ボックスへ。,51
電熱手袋,一般ごみ,モバイルバッテリー、電池は必ず取り外してください。外した電池は、販売店又は電池回収ボックスへ。,51
電熱ベスト,一般ごみ,モバイルバッテリー、電池は必ず取り外してください。外した電池は、販売店又は電池回収ボックスへ。,52
電熱マフラー,一般ごみ,モバイルバッテリー、電池は必ず取り外してください。外した電池は、販売店又は電池回収ボックスへ。,52
電熱毛布,燃える粗大ごみ,モバイルバッテリー、電池を使用している場合、必ず取り外してください。外した電池は、販売店又は乾電池回収箱へ。,52
天ぷら油,一般ごみ,凝固剤で固めるか、紙くず・ぼろ布などに吸わせてください。,52
電話機,燃えないごみ,,52
電話帳,古紙（チラシ・雑誌・本・コピー用紙類）,,52
トースター,燃えないごみ,,52
砥石（といし）,燃えないごみ,,52
トイレットペーパーの外袋,容器包装プラスチック,,52
トイレブラシ,一般ごみ,,52
陶器・陶磁器,燃えないごみ,,52
同軸ケーブル,燃えないごみ,,52
籐製品,燃える粗大ごみ,ごみ袋に入る場合は「一般ごみ」でも差し支えありません。,52
豆腐のパック・フタ,容器包装プラスチック,,52
灯油,自己処理,販売店等へお問い合わせください。,52
灯油タンク（金属製）,燃えないごみ,外付けの鉄製のもの。中身を空にしてください。,53
灯油ポリタンク,燃える粗大ごみ,中を空にしてください,53
灯油ポンプ（電動）,燃えないごみ,電池は取り外してください。,53
灯油ポンプ（手動）,一般ごみ,,53
動力散布機,自己処理,販売店等へお問い合わせください。,53
時計（掛け時計・置き時計）,燃えないごみ,電池は取り外してください。,53
土砂・がれき,自己処理,,53
戸棚,燃える粗大ごみ,ガラス戸、金属部分はなるべく外してください。,53
トタン板,燃えないごみ,"一度に５枚程度としてください。
大量の場合は販売店等にお問い合わせください。",53
トナーカートリッジ（プリンタ用）,一般ごみ,"プリンター等で使用したもの
できるだけ店頭回収を利用してください",53
土鍋,燃えないごみ,,53
土瓶,燃えないごみ,,53
トミカ,燃えないごみ,,53
ドライバー等（工具類）,燃えないごみ,,53
ドライヤー,燃えないごみ,"充電式の場合は、
こちら
をご覧ください。",53
ドラム缶,自己処理,販売店等にお問い合わせください,54
ドラムセット,燃えないごみ,,54
トランプ,一般ごみ,,54
トランペット,燃えないごみ,,54
鳥かご（木・プラスチック製）,燃える粗大ごみ,,54
鳥かご（金属製）,燃えないごみ,,54
塗料,一般ごみ,タッパーなどに入れて固めるか、新聞紙に塗り広げて乾燥させてください。,54
塗料の空き缶,燃えないごみ,中を空にしてください。,54
塗料のスプレー缶,燃えないごみ,"使い切り、風通しの良い屋外で穴を開けてから出してください。
スプレー缶コンテナへ。",54
トレイ（食品などの容器）,容器包装プラスチック,中を洗ってください。できるだけスーパーの店頭回収にご協力ください。,54
ドレッサー,燃える粗大ごみ,できるだけ鏡部分は取り外して「燃えないごみ」へ。,54
ドローン,燃えないごみ,"電池が取り外せない場合は、危険物のコンテナへ出してください。
詳しくは
こちら
をご覧ください。",54
トロフィー,燃える粗大ごみ,金属製のものは、「燃えないごみ」へ。,54
ナイフ,燃えないごみ,刃先を紙か布で包んで「刃物」と明記してください。,54
苗木等の鉢・ポット（プラスチック製）,一般ごみ,ごみ袋に入らないものは、「燃える粗大ごみ」へ。,54
長靴,一般ごみ,,55
なべ,燃えないごみ,,55
鍋焼きうどんの容器（アルミ製）,燃えないごみ,"軽く水洗いしてください。
外装フィルム、プラスチック製のフタの部分は「容器包装プラスチック」です。",55
生木・木の根,燃える粗大ごみ,土を落として長さ１ｍ、太さ１０ｃｍ程度に切ってください。,55
生ごみ、残飯,一般ごみ,十分に水切りすると、においが減って軽くなります。,55
波板（プラスチック製）,燃える粗大ごみ,"一度に５枚程度としてください。
大量の場合は販売店等にお問い合わせください。",55
縄・ひも・ロープ,一般ごみ,ごみ袋に入らない太いものは、片手で持てるサイズに束ねて「燃える粗大ごみ」へ。,55
ニッカド電池,燃えないごみ,販売店（リサイクルマークのあるもの）又は電池回収ボックスへ。,55
ニッケル水素電池,燃えないごみ,販売店（リサイクルマークのあるもの）又は電池回収ボックスへ。,55
ニッパー,燃えないごみ,,55
日本酒のびん,あきびん,一升瓶は販売店に返却しましょう。,55
入浴剤,一般ごみ,容器は各々分別して排出してください。,55
人形,一般ごみ,金属製・陶器製は「燃えないごみ」へ。,55
バービー人形,一般ごみ,,55
人形ケース（ガラス製）,燃えないごみ,,55
人形ケース（プラスチック製）,一般ごみ,ごみ袋に入らないものは、「燃える粗大ごみ」へ。,56
ぬいぐるみ,一般ごみ,ごみ袋に入らないものは、「燃える粗大ごみ」へ。,56
布きれ,一般ごみ,,56
ネガ（フィルム）,一般ごみ,,56
ネクタイ,一般ごみ,,56
ネクタイピン,燃えないごみ,,56
ねじ,燃えないごみ,,56
ネット（果物、野菜など）,容器包装プラスチック,,56
寝袋,一般ごみ,,56
粘土（教材用）,一般ごみ,,56
燃料タンク（金属製）,燃えないごみ,中を空にしてください。,56
燃料油,自己処理,販売店等へお問い合わせください。,56
ノート,古紙（チラシ・雑誌・本・コピー用紙類）,,56
ノートパソコン,自己処理,PCリサイクル又は販売店へ。,56
農業機械類,自己処理,販売店等へお問い合わせください。,56
農業用ビニール,自己処理,販売店等へお問い合わせください。,57
農薬,自己処理,販売店等へお問い合わせください。,57
農薬の空きびん（家庭用）,燃えないごみ,"中を空にして、軽く洗ってください。
資源ごみに出さないようお願いします。",57
のこぎり,燃えないごみ,刃先を紙か布で包んで「刃物」と明記してください。,57
海苔缶,あきかん,,57
ハードディスク,燃えないごみ,データは削除しておきましょう。,57
ハードディスクレコーダー,燃えないごみ,データは削除しましょう。,57
ハーモニカ,燃えないごみ,,57
灰（燃え殻・焼却灰）,一般ごみ,"少量に限ります。
火の気がない事を確認してください。",57
バイク,自己処理,販売店等にお問い合わせください。,57
灰皿（金属製）,燃えないごみ,,57
灰皿（プラスチック製）,一般ごみ,,57
ハイヒール,一般ごみ,,57
パイプいす,燃えないごみ,家庭で使用していたものに限ります。,57
パイプベッドのパイプ,燃えないごみ,マットレスは「燃える粗大ごみ」へ。,57
廃油（食用油）,一般ごみ,凝固剤で固めるか、布・古紙等に吸わせてください。,58
はがき,古紙（チラシ・雑誌・本・コピー用紙類）,シール式、圧着はがきは「一般ごみ」へ。,58
はかり,燃えないごみ,電池式のものは電池を抜いてください。,58
履物,一般ごみ,,58
はぎれ,一般ごみ,,58
刷毛,一般ごみ,,58
バケツ（金属製）,燃えないごみ,,58
バケツ（プラスチック製）,燃える粗大ごみ,ごみ袋に入る場合は「一般ごみ」へ。,58
はさみ,燃えないごみ,,58
箸（はし）,一般ごみ,金属製のものは「燃えないごみ」へ。,58
はしご（鉄・アルミ製）,燃えないごみ,,58
はしご（木製）,燃える粗大ごみ,,58
パジャマ,古着・布類,,58
柱時計,燃えないごみ,,58
バスケットボール,一般ごみ,空気を抜いてください。,58
バスタオル,古着・布類,,59
バスタブ,自己処理,,59
バスマット,一般ごみ,ごみ袋に入らないものは、「燃える粗大ごみ」へ。,59
パソコン（デスクトップ型・ノート型）,自己処理,PCリサイクル又は販売店へ。,59
パソコンの周辺機器,燃えないごみ,"マウス、プリンタ、スキャナなど。
ディスプレイは集積所に出せません。販売店かパソコンリサイクルへ。",59
パソコンのディスプレイ,自己処理,PCリサイクル又は販売店へ。,59
パソコンラック,燃えないごみ,,59
鉢（陶器製）,燃えないごみ,,59
鉢（プラスチック製）,一般ごみ,ごみ袋に入らないものは、「燃える粗大ごみ」へ。,59
パチンコ台,燃えないごみ,玉は抜いてください。,59
発炎筒,一般ごみ,使用済みのものに限ります。未使用品は自動車整備業者・カー用品店に引き取りを依頼してください。,59
バック、カバン（革・布・ビニール製）,一般ごみ,できるだけ、金物を取り外してください。,59
バック、カバン（金属製）,燃えないごみ,,59
バッテリー（電動自転車用）,自己処理,販売店へお問い合わせください。,59
バッテリー（電子機器用）,燃えないごみ,"販売店（リサイクルマークのあるもの）又は電池回収ボックスへ。
ＵＰＳ等の大型の鉛バッテリーは出せません。販売店又はメーカーへ。",59
バッテリー（自動車・バイク用の鉛蓄電池）,自己処理,自動車販売店、自動車部品販売店にお問い合わせください。,60
バット（木製）,燃える粗大ごみ,,60
金属バット,燃えないごみ,,60
ハッピーセットのおもちゃ,一般ごみ,電池がついたままでも差し支えありません。,60
発泡スチロール製品,一般ごみ,なるべく小さく砕いてください。,60
発泡スチロール（商品の緩衝材）,容器包装プラスチック,なるべく小さく砕いてください。,60
発泡トレイ（食品トレイ）,容器包装プラスチック,できるだけスーパー等の回収箱をご利用ください。,60
バドミントンラケット,燃える粗大ごみ,金属製のものは「燃えないごみ」へ。,60
花火,一般ごみ,水に浸して、消火を確認してから出してください。,60
花札,一般ごみ,,60
パネルヒーター,燃えないごみ,オイルヒーターは収集しません。,60
歯ブラシ,一般ごみ,,60
バーベキューコンロ,燃えないごみ,,60
バーベキューコンロの網,燃えないごみ,,60
歯磨き粉のチューブ,容器包装プラスチック,汚れが取れない場合は「一般ごみ」へ。,60
歯磨き粉のトラベルケース,一般ごみ,,61
刃物類,燃えないごみ,刃先を紙か布で包んで「刃物」と明記してください。,61
腹巻,古着・布類,,61
針（縫い針、まち針）,燃えないごみ,紙に包むか袋に入れてください。,61
針金,燃えないごみ,,61
バリカン,燃えないごみ,"充電式の場合は、
こちら
をご覧ください。",61
バルサンの空き缶,燃えないごみ,,61
バレーボール,一般ごみ,空気を抜いてください。,61
ハロゲンヒーター,燃えないごみ,,61
ハンガー（金属製・針金）,燃えないごみ,クリーニング店のものはなるべくお店に返しましょう。,61
ハンガー（プラスチック・木製）,一般ごみ,"クリーニングのハンガーはなるべくお店に返しましょう
ごみ袋に入らない場合は「燃える粗大ごみ」へ。",61
ハンカチ,古着・布類,,61
ハンコ,一般ごみ,石・金属製は「燃えないごみ」へ。,61
飯ごう,燃えないごみ,,61
パンスト,一般ごみ,,61
絆創膏,一般ごみ,,62
ハンディ加湿器,燃えないごみ,"電池が取り外せない場合は、危険物のコンテナへ出してください。
詳しくは
こちら
をご覧ください。",62
ハンディ扇風機,燃えないごみ,"電池が取り外せない場合は、危険物のコンテナへ出してください。
詳しくは
こちら
をご覧ください。",62
ハンディ掃除機,燃えないごみ,"できるだけ電池を取り外してください。電池を取り外せない場合は、危険物のコンテナへ出してください。詳しくは
こちら
をご覧ください。",62
ハンドブレンダー,燃えないごみ,,62
ハンドミキサー,燃えないごみ,"充電式の場合は、
こちら
をご覧ください。",62
パンの袋,容器包装プラスチック,,62
バンパー・シート等の自動車部品,自己処理,販売店等へお問い合わせください。,62
パンプス,一般ごみ,,62
パンフレット,古紙（チラシ・雑誌・本・コピー用紙類）,,62
ハンマー,燃えないごみ,プラハンマー、木づちは「一般ごみ」へ。,62
ビーズクッション,燃える粗大ごみ,45Lごみ袋に入る小型のものは、一般ごみに出してください。,62
ビー玉,燃えないごみ,,62
ビーチパラソル,燃えないごみ,,62
ビーチボール,一般ごみ,空気を抜いてください。,62
ヒートテック衣料,保留中,,63
ヒール,一般ごみ,,63
ビールびん,あきびん,できるだけ販売店に返却しましょう。,63
ビールびんのふた,燃えないごみ,,63
ピアス,燃えないごみ,,63
ピアノ,自己処理,販売店等へお問い合わせください。,63
美顔器,燃えないごみ,"電池は取り外してください。
充電式の場合は、
こちら
をご覧ください。",63
ひげそり（カミソリ）,燃えないごみ,,63
ビデオカメラ,燃えないごみ,"電池は取り外して、販売店又は電池回収ボックスへ。
データは削除してください。",63
ビデオテープ,一般ごみ,ケースも同様です。,63
ビデオデッキ,燃えないごみ,,63
一口ゼリーのカップ,容器包装プラスチック,プラスチック製,63
ビニール・ナイロン（農業用）,自己処理,販売店等へお問い合わせください。,63
ビニール傘,燃えないごみ,,63
ビニールシート（家庭菜園用）,一般ごみ,,63
ビニールホース,一般ごみ,,64
火鉢,燃えないごみ,中の灰は「一般ごみ」へ。,64
百科事典,古紙（チラシ・雑誌・本・コピー用紙類）,,64
氷嚢（ひょうのう）,一般ごみ,金属製の金具は取り外してください。,64
肥料,自己処理,販売店等へお問い合わせください。,64
肥料の袋（プラスチック製）,一般ごみ,家庭用のものに限ります。,64
ビン（食べ物、飲み物、飲み薬用）,あきびん,軽く水洗いしてください。,64
便箋,古紙（チラシ・雑誌・本・コピー用紙類）,,64
ビンのふた（プラスチック製）,容器包装プラスチック,,64
ビンのふた（金属製）,燃えないごみ,,64
ブーツ,一般ごみ,金属部分はなるべく取り外してください。,64
フードプロセッサー,燃えないごみ,,64
プール（ビニール製）,燃える粗大ごみ,"小さく折りたたんでください。
ごみ袋に入る場合は「一般ごみ」でも差し支えありません。",64
ファイル（紙製）,古紙（チラシ・雑誌・本・コピー用紙類）,金属部分は「燃えないごみ」へ。プラスチック部分は「一般ごみ」へ。,64
ファイル（プラスチック製）,一般ごみ,金具は「燃えないごみ」へ。,64
ファックス（本体）,燃えないごみ,,65
ファックス用紙（感熱紙）,一般ごみ,感熱紙は資源化できません。,65
ファンジャケット,一般ごみ,バッテリー、駆動部は必ず取り外してください。バッテリーは販売店又は乾電池回収ボックスへ。,65
ファンヒーター,燃えないごみ,給油タンクを空にしてください。,65
フィギュア,一般ごみ,,65
フィルム（ネガ）,一般ごみ,,65
風船,一般ごみ,,65
封筒（ビニール製）,一般ごみ,,65
封筒（紙製）,古紙（チラシ・雑誌・本・コピー用紙類）,窓あき封筒はフィルム部分をはがしてください。,65
風鈴,燃えないごみ,,65
フォーク,燃えないごみ,プラスチック・木製は「一般ごみ」へ。,65
フォークギター,燃える粗大ごみ,,65
複写伝票,一般ごみ,特殊加工してある用紙は資源ごみに出せません。,65
ふすま,燃える粗大ごみ,一度に５枚程度としてください。,65
ふた・栓・キャップ（金属製）,燃えないごみ,,65
ふた・栓・キャップ（プラスチック製）,容器包装プラスチック,,66
仏壇,燃える粗大ごみ,必要に応じて販売店、お寺へ相談してください。,66
筆,一般ごみ,,66
筆箱,一般ごみ,金属製は「燃えないごみ」へ。,66
ふとん,燃える粗大ごみ,折りたたみ、ひもで縛って出してください。,66
布団カバー,古着・布類,,66
布団乾燥機,燃えないごみ,,66
フライパン,燃えないごみ,,66
ブラインド,燃えないごみ,リフォームの場合は施工業者に引き取ってもらってください。プラスチックや布の部分は「一般ごみ」へ。,66
ぶら下がり健康器,燃えないごみ,,66
ブラジャー,一般ごみ,,66
プラスチックかご,燃える粗大ごみ,４５Ｌごみ袋に入るサイズの場合は、「一般ごみ」へ。,66
プラスチックケース,一般ごみ,ごみ袋に入らない大きさの場合は、「燃える粗大ごみ」へ。,66
プラスチック製品（大きいもの）,燃える粗大ごみ,ごみ袋に入る場合は「一般ごみ」へ。,66
プラスチック製品（小さいもの）,一般ごみ,ごみ袋に入らない場合は「燃える粗大ごみ」へ。,66
プラズマテレビ,自己処理,"家電リサイクル法対象品目は収集しません。
詳しい処分方法",67
プラモデル,一般ごみ,,67
プラレール（車両）,一般ごみ,電池は取り外してください。,67
プラレールの部品,一般ごみ,,67
フラワーポット,容器包装プラスチック,土を落としてください。,67
ブランコ（幼児用）,燃えないごみ,木・プラスチック部はできるだけ「燃える粗大ごみ」へ。,67
プランター（プラスチック製）,燃える粗大ごみ,土を取り除いてください。,67
プランター（陶磁器・金属製）,燃えないごみ,土を取り除いてください。,67
フリース,保留中,,67
フリクション（文具）,一般ごみ,,67
プリンター,燃えないごみ,インクは取り外して販売店へ。,67
プリンターのインクカートリッジ,一般ごみ,できるだけ販売店の店頭回収を利用ください,67
プリンの容器,容器包装プラスチック,プラスチック製,67
ブルーシート,燃える粗大ごみ,"折りたたみ、ひもで縛って出してください。
ごみ袋に入るものは「一般ごみ」でも差し支えありません。",67
ブルーレイプレイヤー,燃えないごみ,,67
古本,古紙（チラシ・雑誌・本・コピー用紙類）,,68
プレイヤー類（ＣＤ・ＭＤ・レコードなど）,燃えないごみ,,68
プレジャーボート,自己処理,販売店等へお問い合わせください。,68
プロジェクションテレビ,自己処理,販売店又はクリーンセンター(076-276-1362)へお問い合わせください。,68
ブロック,自己処理,,68
フロッピーディスク,一般ごみ,,68
風呂のいす,燃える粗大ごみ,金属製部分がある場合は、「燃えないごみ」へ。,68
風呂のふた,燃える粗大ごみ,縛れるものは縛って出してください。,68
プロパンガスのボンベ,自己処理,販売店等へお問い合わせください。,68
風呂マット,一般ごみ,ごみ袋に入らない場合は「燃える粗大ごみ」へ。,68
文鎮,燃えないごみ,,68
文房具（木・プラスチック製）,一般ごみ,,68
ペーパータオル,一般ごみ,,68
ヘアーブラシ,一般ごみ,金属製は「燃えないごみ」へ。,68
ヘアアイロン,燃えないごみ,"充電式の場合は、
こちら
をご覧ください。",68
ヘアスプレー缶,燃えないごみ,"使い切り、風通しの良い屋外で穴を開けてから出してください。
スプレー缶コンテナへ。",69
ヘアスプレーの外装フィルム・キャップ,容器包装プラスチック,,69
ヘアドライヤー,燃えないごみ,"充電式の場合は、
こちら
をご覧ください。",69
ヘアピン,燃えないごみ,,69
ベッド,燃える粗大ごみ,"フレームなどの金属部は「燃えないごみ」へ。
マットレスも「燃える粗大ごみ」へ。",69
ペットの亡きがら,自己処理,"白山郷斎場（TEL: 272-0517）へご依頼ください。
詳細は
こちら
をご覧ください。",69
ペットのふん,一般ごみ,,69
ペットボトル（飲料用等）,ペットボトル,"軽く水洗いしてください。
調味料の場合はマークを確認してください。（しょうゆ・めんつゆ・みりん・酢が対象）",69
ペットボトル（食用油等）,容器包装プラスチック,"油分のある調味料は容器包装プラスチックです。
汚れが取れない場合は「一般ごみ」へ。",69
ペットボトルのキャップ,容器包装プラスチック,,69
ペットボトルのラベル,容器包装プラスチック,,69
ヘッドホン,燃えないごみ,"充電式の場合は、
こちら
をご覧ください。",69
ペット用トイレの砂（紙製）,一般ごみ,,69
ベニヤ板,燃える粗大ごみ,"少量に限ります。
１ｍ以下に切ってください。",69
ベビーカー,燃えないごみ,,69
ベビーダンス,燃える粗大ごみ,,70
ベビーチェアー（木製）,燃える粗大ごみ,,70
ベビーバス,燃える粗大ごみ,,70
ベビー布団,一般ごみ,ごみ袋に入らない場合は「燃える粗大ごみ」へ。,70
ベビーベッド,燃える粗大ごみ,,70
ベビーラック,燃えないごみ,,70
ヘルスメーター,燃えないごみ,電池を使用している場合は取り外してください。,70
ベルト（バンド）,一般ごみ,バックルは、外して「燃えないごみ」へ出してください。,70
ヘルメット,一般ごみ,,70
ペン,一般ごみ,金属製は「燃えないごみ」へ。,70
ペンキ,一般ごみ,タッパーなどに入れて固めるか、新聞紙に塗り広げて乾燥させてください。,70
ペンキの空き缶,燃えないごみ,中を空にしてください。,70
ペンキのスプレー缶,燃えないごみ,"使い切り、風通しの良い屋外で穴を開けてから出してください。
スプレー缶コンテナへ。",70
便座,燃えないごみ,コードが付いていないものは、「燃える粗大ごみ」へ。,70
ペンチ,燃えないごみ,,70
弁当箱（プラスチック・木製）,一般ごみ,,71
弁当箱（金属製）,燃えないごみ,,71
弁当容器（コンビニなど）,容器包装プラスチック,中を軽く洗ってください。,71
ホース,一般ごみ,,71
ホースリール（プラスチック製）,燃える粗大ごみ,ホースは付けたままでOKです。,71
ホースリール（金属製）,燃えないごみ,ホースは取り外して「一般ごみ」へ。,71
ポータブルテレビ,燃えないごみ,持ち運び可能で充電式電池で動作するテレビは家電リサイクル法の対象外です。,71
ポータブルトイレ,燃える粗大ごみ,きれいに洗ってください。,71
ボードゲーム,一般ごみ,,71
ホームベーカリー,燃えないごみ,,71
ボールペン,一般ごみ,"金属部はできるだけ取り外してください。
金属製は「燃えないごみ」へ。",71
ホーロー鍋,燃えないごみ,,71
ホイール（自転車用）,燃えないごみ,,71
ホイール（自動車・バイク用）,自己処理,販売店等へお問い合わせください。,71
ホイールキャップ,一般ごみ,できるたけ金属部分を取り外してください。,71
ボイラー,自己処理,販売店等へお問い合わせください。,72
望遠鏡,燃えないごみ,,72
ほうき,燃える粗大ごみ,ごみ袋に入る小さなものは「一般ごみ」へ。,72
芳香剤の容器,容器包装プラスチック,ガラス・金属製は「燃えないごみ」へ。,72
帽子,一般ごみ,,72
包装紙,古紙（チラシ・雑誌・本・コピー用紙類）,,72
包帯,一般ごみ,,72
防虫剤（錠剤）,一般ごみ,,72
防虫スプレーの空き缶,燃えないごみ,"使い切り、風通しの良い屋外で穴を開けてから出してください。
スプレー缶コンテナへ。",72
包丁,燃えないごみ,刃先を紙か布で包んで「刃物」と明記してください。,72
防犯カメラ,燃えないごみ,"充電式の場合は、
こちら
をご覧ください。",72
ボウリングの球,燃えないごみ,道路上に転がらないように箱や袋に入れて出してください。,72
ボウル（木・プラスチック製）,一般ごみ,,72
ボウル（金属製）,燃えないごみ,,72
木刀,燃える粗大ごみ,,72
歩行器（幼児用）,燃えないごみ,,73
ポスター,古紙（チラシ・雑誌・本・コピー用紙類）,,73
ボタン,一般ごみ,金属製は「燃えないごみ」へ。,73
ボタン電池,燃えないごみ,電池回収ボックスへ。,73
ホチキス,燃えないごみ,,73
ホチキスの針,燃えないごみ,,73
補聴器,燃えないごみ,電池は取り外してください。,73
ホッカイロ,一般ごみ,包装は「容器包装プラスチック」へ。,73
ポット,燃えないごみ,,73
ホットカーペット,燃える粗大ごみ,コード部分は「燃えないごみ」へ。,73
ホットビューラー,燃えないごみ,"電池が取り外せない場合は、危険物のコンテナへ出してください。
詳しくは
こちら
をご覧ください。",73
ホットプレート,燃えないごみ,,73
ほ乳びん（ガラス製）,燃えないごみ,"プラスチック製のものは「一般ごみ」へ。
資源ごみには出せません。",73
ほ乳びん（プラスチック製）,一般ごみ,,73
ポリタンク,燃える粗大ごみ,中身を空にしてください。キャップは「一般ごみ」へ。,73
ポリバケツ,燃える粗大ごみ,,74
ポリ容器,燃える粗大ごみ,１０Ｌ程度以下の小さいものは、「一般ごみへ」。,74
保冷剤,一般ごみ,中身が入ったままでも差し支えありません。,74
ボロきれ,一般ごみ,,74
ホワイトボード,燃えないごみ,,74
本,古紙（チラシ・雑誌・本・コピー用紙類）,,74
本棚・本箱（木製・プラスチック製）,燃える粗大ごみ,,74
本棚・本箱（金属製）,燃えないごみ,,74
ポンプ類,燃えないごみ,エンジン付は販売店等にお問い合わせください。,74
麻雀パイ,一般ごみ,,74
マイク,燃えないごみ,,74
マイクスタンド,燃えないごみ,,74
マウス（パソコン用）,燃えないごみ,"充電式の場合は、
こちら
をご覧ください。",74
マウスパッド,一般ごみ,,74
巻尺（金属製）,燃えないごみ,目盛部がプラスチックや紙製のものは、「一般ごみ」でも差し支えありません。,74
マグカップ類（陶器製）,燃えないごみ,,75
マグネットシート,燃えないごみ,,75
枕,燃える粗大ごみ,ごみ袋に入る場合は、「一般ごみ」でも差し支えありません。,75
孫の手,一般ごみ,ごみ袋に入らない大きなものは、「燃える粗大ごみ」へ,75
マザーボード,燃えないごみ,パソコン用電子回路基板。,75
マジックペン,一般ごみ,金属製は「燃えないごみ」へ。,75
マッサージ機器（電動）,燃えないごみ,"充電式の場合は、
こちら
をご覧ください。",75
マッサージチェア,燃えないごみ,一部販売店でも引き取りを行っています。,75
マッチ,一般ごみ,水に浸し発火しないようにしてください。,75
マット（足ふき）,一般ごみ,,75
マットレス（スプリング入りも含む）,燃える粗大ごみ,"折りたためる場合は折りたたんで出してください。
買い替えの場合は購入店へ。",75
窓ガラス（割れたガラス）,燃えないごみ,紙に包むか袋に入れてください。,75
まな板,一般ごみ,,75
マニキュアのびん,燃えないごみ,"中身が入っている場合は、新聞紙か布に含ませてカラにしてください。
ハケやふたは、材質に応じて、「一般ごみ」又は「燃えないごみ」へ。",75
魔法瓶,燃えないごみ,,75
ママさんダンプ,燃えないごみ,,76
豆炭,一般ごみ,火の気のない事を確認してください。,76
豆電球,燃えないごみ,,76
マラカス,一般ごみ,,76
マンガ,古紙（チラシ・雑誌・本・コピー用紙類）,,76
万年筆,一般ごみ,金属製は「燃えないごみ」へ。,76
万歩計,燃えないごみ,電池を使用している場合は取り外してください。,76
みかん箱（果物、野菜の箱含む）,古紙（段ボール）,ガムテープ・金具は取り外してください。,76
みかんを入れた網・ネット,容器包装プラスチック,,76
ミキサー,燃えないごみ,,76
ミシン,燃えないごみ,,76
水着,一般ごみ,,76
ミニカー,燃えないごみ,ボディがプラスチック製のものは「一般ごみ」へ。,76
ミニコンポ,燃えないごみ,,76
ミルク缶,あきかん,中を軽く洗ってください。,76
虫かご,一般ごみ,金属部、金属製は「燃えないごみ」へ。,77
蒸し器（木製・竹製）,燃える粗大ごみ,ごみ袋に入る場合は「一般ごみ」へ。,77
蒸し器（金属製）,燃えないごみ,,77
虫眼鏡,燃えないごみ,レンズ・ワク共にプラスチックのものは「一般ごみ」へ。,77
ムシロ（むしろ）,燃える粗大ごみ,大きいものは筒状にしてひもで縛ってください。,77
名刺,古紙（チラシ・雑誌・本・コピー用紙類）,,77
眼鏡（金属・ガラスを使用しているもの）,燃えないごみ,レンズ・フレーム共にプラスチックのものは「一般ごみ」へ。,77
眼鏡（プラスチック製）,一般ごみ,,77
目薬の容器（プラスチック製）,容器包装プラスチック,ガラス製は「燃えないごみ」へ。,77
メジャー（金属製）,燃えないごみ,手芸用などで、プラスチック、布でできているものは「一般ごみ」へ。,77
メトロノーム,燃えないごみ,,77
メモ用紙,古紙（チラシ・雑誌・本・コピー用紙類）,,77
モーター,自己処理,,77
毛布,燃える粗大ごみ,ひもで縛って小さくしてください。,77
燃えがら,一般ごみ,"少量に限ります。
火の気がない事を確認してください。",77
木材,燃える粗大ごみ,太さ１０ｃｍ、長さ１ｍ以内に切ってください。,78
木製家具類,燃える粗大ごみ,,78
木炭,一般ごみ,火の気がない事を確認してから出してください。,78
木片,一般ごみ,袋に入らないものは、「燃える粗大ごみ」へ。,78
餅つき器（家庭用）,燃えないごみ,,78
モップ（柄をのぞく）,一般ごみ,柄の部分は材質によって、「燃える粗大ごみ」か「燃えないごみ」へ。,78
モップの柄（もくせい）,燃える粗大ごみ,金属製は「燃えないごみ」へ。,78
物置,自己処理,,78
物干し竿（竹・プラスチック製）,燃える粗大ごみ,,78
物干し竿（金属製）,燃えないごみ,,78
物干し台（コンクリートの重りがついているもの）,燃えないごみ,できるだけ重りとポールの部分を切り離してください。,78
モバイルバッテリー,燃えないごみ,販売店（リサイクルマークのあるもの）又は電池回収ボックスへ。,78
モバイルルーター,燃えないごみ,"電池が取り外せない場合は、危険物のコンテナへ出してください。
詳しくは
こちら
をご覧ください。",78
やかん,燃えないごみ,,78
焼物（陶磁器類）,燃えないごみ,,78
野球のボール（軟球・硬球）,一般ごみ,,79
薬品（劇薬類）,自己処理,薬局や販売店にご相談ください。,79
野菜くず,一般ごみ,水気を切ってください。堆肥化や乾燥すると減量化できます。,79
野菜の結束テープ,一般ごみ,,79
野菜の包装フィルム,容器包装プラスチック,,79
ヤッケ,一般ごみ,,79
USBメモリ,燃えないごみ,データを削除してください。,79
油圧式ジャッキ,燃えないごみ,,79
浴衣,古着・布類,,79
湯たんぽ（金属製）,燃えないごみ,,79
湯たんぽ（プラスチック製）,一般ごみ,,79
ユニフォーム,一般ごみ,,79
湯のみ,燃えないごみ,,79
湯沸かし器,燃えないごみ,,79
ヨガマット,燃える粗大ごみ,折り畳む・切断して４５Ｌごみ袋に入るサイズになる場合は、「一般ごみ」へ。,79
預金通帳,一般ごみ,,80
浴槽,自己処理,販売店等にご相談ください。,80
よしず,燃える粗大ごみ,丸めて縛ってください。,80
ライター,燃えないごみ,できるだけ使い切って、専用コンテナに入れてください。,80
ラグマット,燃える粗大ごみ,ひもで縛って小さくしてください。,80
ラジオ・ラジカセ,燃えないごみ,電池は取り外してください。,80
ラジコン,燃えないごみ,"充電式の場合は、
こちら
をご覧ください。",80
ラップのケースの刃（金属製）,燃えないごみ,,80
ラップの芯,一般ごみ,,80
ラップの箱,古紙（チラシ・雑誌・本・コピー用紙類）,金属製の刃は外して「燃えないごみ」へ。,80
ラップ類（家庭で使用したもの）,一般ごみ,"家庭で使用したものは「一般ごみ」。
商品を包んでいたもので、汚れていないものは、「容器包装プラスチック」。",80
ラップ類（商品を包んでいたもの）,容器包装プラスチック,,80
ランタン,燃えないごみ,電池式は電池を取り外してください。燃料式の場合は、燃料を使い切ってください。,80
ランチジャー,燃えないごみ,中のプラスチック容器は「一般ごみ」へ。,80
ランドセル,燃える粗大ごみ,金属部分はできるだけ取り外してください。,80
ランニングマシン,燃えないごみ,なるべく販売店等に引き取ってもらってください。,81
リカちゃん人形,一般ごみ,,81
リコーダー,一般ごみ,,81
リチウムイオン電池,燃えないごみ,販売店（リサイクルマークのあるもの）又は電池回収ボックスへ。,81
リモコン,燃えないごみ,電池は取り外してください。,81
リヤカー,燃えないごみ,荷台の木製の部分はできるだけ取り外してください。,81
リュックサック,一般ごみ,金属部分はできるだけ取り外してください。,81
リンスの空容器,容器包装プラスチック,軽く水洗いしてください。,81
ルーター,燃えないごみ,,81
ルーフボックス,燃える粗大ごみ,金属部分はできるだけ取り外してください。,81
ルームランナー,燃えないごみ,なるべく販売店等に引き取ってもらってください。,81
レーザーディスク,一般ごみ,,81
冷蔵庫,自己処理,"家電リサイクル法対象品目は収集しません。
詳しい処分方法",81
冷凍庫,自己処理,"家電リサイクル法対象品目は収集しません。
詳しい処分方法",81
冷風機,燃えないごみ,,81
レインコート,一般ごみ,,82
レコード盤,一般ごみ,,82
レゴブロック,一般ごみ,,82
レシート,一般ごみ,感熱紙や複写紙が利用された紙はリサイクルできません。,82
レジ袋,容器包装プラスチック,,82
レジャーシート,一般ごみ,,82
レトルトパック,容器包装プラスチック,中が汚れているものは、「一般ごみ」へ。,82
レンガ,自己処理,,82
レンジフード,燃えないごみ,,82
練炭,一般ごみ,火の気がない事を確認してください。,82
ローソク,一般ごみ,火の気がない事を確認してから排出してください。,82
ロープ,一般ごみ,袋に入らないものは、片手で持てる程度のサイズにまとめて「燃える粗大ごみ」へ。,82
ローラースケート,燃えないごみ,,82
老眼鏡（金属・ガラスを使用しているもの）,燃えないごみ,レンズ・フレーム共にプラスチックのものは「一般ごみ」へ。,82
老眼鏡（プラスチック製）,一般ごみ,,82
ロボット型掃除機,燃えないごみ,"できるだけ電池を取り外してください。電池を取り外せない場合は、危険物のコンテナへ出してください。詳しくは
こちら
をご覧ください。",83
ワープロ,燃えないごみ,,83
ワープロインクリボン,一般ごみ,,83
ワイシャツ,古着・布類,,83
ワイパー,燃えないごみ,ゴム部分は「一般ごみ」へ。,83
ワイヤレスイヤホン,燃えないごみ,"電池が取り外せない場合は、危険物のコンテナへ出してください。
詳しくは
こちら
をご覧ください。",83
ワイヤレススピーカー,燃えないごみ,"電池が取り外せない場合は、危険物のコンテナへ出してください。
詳しくは
こちら
をご覧ください。",83
ワイヤレスヘッドホン,燃えないごみ,"電池が取り外せない場合は、危険物のコンテナへ出してください。
詳しくは
こちら
をご覧ください。",83
ワインのびん,あきびん,"びんの色をよく確認してください。
よくわからない場合は「その他」の色へ。",83
輪ゴム,一般ごみ,,83
和紙,一般ごみ,,83
和太鼓,燃える粗大ごみ,,83
和ダンス,燃える粗大ごみ,,83
割り箸,一般ごみ,,83
割り箸の外袋（プラスチック製）,容器包装プラスチック,紙製のものは「古紙」へ。,83
われもの類,燃えないごみ,割れている場合は、紙に包むか袋に入れてください。,84
ワンカップ（お酒）の容器,あきびん,中を洗ってください。ふたやキャップは取り外してください。,84
